1,参加者1,サンプル大,4年
2,参加者2,サンプル大,4年
3,参加者3,サンプル大,4年
4,参加者4,サンプル大,4年
5,参加者5,サンプル大,4年
6,参加者6,サンプル大,4年
7,参加者7,サンプル大,4年
8,参加者8,サンプル大,4年
9,参加者9,サンプル大,4年
10,参加者10,サンプル大,4年
11,参加者11,サンプル大,4年
12,参加者12,サンプル大,4年
13,参加者13,サンプル大,4年
14,参加者14,サンプル大,4年
15,参加者15,サンプル大,4年
16,参加者16,サンプル大,4年
17,参加者17,サンプル大,4年
18,参加者18,サンプル大,4年
19,参加者19,サンプル大,4年
20,参加者20,サンプル大,4年
21,参加者21,サンプル大,4年
22,参加者22,サンプル大,4年
23,参加者23,サンプル大,4年
24,参加者24,サンプル大,4年
25,参加者25,サンプル大,4年
26,参加者26,サンプル大,4年
27,参加者27,サンプル大,4年
28,参加者28,サンプル大,4年
29,参加者29,サンプル大,4年
30,参加者30,サンプル大,4年
31,参加者31,サンプル大,4年
32,参加者32,サンプル大,4年
33,参加者33,サンプル大,4年
34,参加者34,サンプル大,4年
35,参加者35,サンプル大,4年
36,参加者36,サンプル大,4年
37,参加者37,サンプル大,4年
38,参加者38,サンプル大,4年
39,参加者39,サンプル大,4年
40,参加者40,サンプル大,4年
41,参加者41,サンプル大,4年
42,参加者42,サンプル大,4年
43,参加者43,サンプル大,4年
44,参加者44,サンプル大,4年
45,参加者45,サンプル大,4年
46,参加者46,サンプル大,4年
47,参加者47,サンプル大,4年
48,参加者48,サンプル大,4年
