問題文1,解答1,解答ルビなし1
問題文2,解答2,解答ルビなし2
問題文3,解答3,解答ルビなし3
問題文4,解答4,解答ルビなし4
問題文5,解答5,解答ルビなし5
問題文6,解答6,解答ルビなし6
問題文7,解答7,解答ルビなし7
問題文8,解答8,解答ルビなし8
問題文9,解答9,解答ルビなし9
問題文10,解答10,解答ルビなし10
問題文11,解答11,解答ルビなし11
問題文12,解答12,解答ルビなし12
問題文13,解答13,解答ルビなし13
問題文14,解答14,解答ルビなし14
問題文15,解答15,解答ルビなし15
問題文16,解答16,解答ルビなし16
問題文17,解答17,解答ルビなし17
問題文18,解答18,解答ルビなし18
問題文19,解答19,解答ルビなし19
問題文20,解答20,解答ルビなし20
問題文21,解答21,解答ルビなし21
問題文22,解答22,解答ルビなし22
問題文23,解答23,解答ルビなし23
問題文24,解答24,解答ルビなし24
問題文25,解答25,解答ルビなし25
問題文26,解答26,解答ルビなし26
問題文27,解答27,解答ルビなし27
問題文28,解答28,解答ルビなし28
問題文29,解答29,解答ルビなし29
問題文30,解答30,解答ルビなし30
問題文31,解答31,解答ルビなし31
問題文32,解答32,解答ルビなし32
問題文33,解答33,解答ルビなし33
問題文34,解答34,解答ルビなし34
問題文35,解答35,解答ルビなし35
問題文36,解答36,解答ルビなし36
問題文37,解答37,解答ルビなし37
問題文38,解答38,解答ルビなし38
問題文39,解答39,解答ルビなし39
問題文40,解答40,解答ルビなし40
問題文41,解答41,解答ルビなし41
問題文42,解答42,解答ルビなし42
問題文43,解答43,解答ルビなし43
問題文44,解答44,解答ルビなし44
問題文45,解答45,解答ルビなし45
問題文46,解答46,解答ルビなし46
問題文47,解答47,解答ルビなし47
問題文48,解答48,解答ルビなし48
問題文49,解答49,解答ルビなし49
問題文50,解答50,解答ルビなし50